Time [s],Computed Engine Load,Engine RPM,Speed,Air throughput (MAF Sensor),Absolute Engine Load,Relative throttle position,Relative gas pedal position,
2019-10-31 21:04:01.095,15.686274528503418,902.25,0.0,4.409999847412109,17.647058486938477,1.9607843160629272,0.0,
2019-10-31 21:04:07.470,15.686274528503418,902.25,0.0,4.409999847412109,17.647058486938477,1.9607843160629272,0.0,
2019-10-31 21:04:18.196,16.47058868408203,887.75,0.0,3.9700000286102295,16.86274528503418,1.5686274766921997,0.0,
2019-10-31 21:04:24.471,16.47058868408203,887.75,0.0,3.9700000286102295,17.647058486938477,1.9607843160629272,0.0,
2019-10-31 21:04:35.114,19.215686798095703,739.0,0.0,5.059999942779541,17.254901885986328,1.5686274766921997,0.0,
2019-10-31 21:04:41.541,19.215686798095703,739.0,0.0,5.059999942779541,17.647058486938477,1.9607843160629272,0.0,
2019-10-31 21:04:52.147,21.568628311157227,752.0,0.0,4.639999866485596,17.254901885986328,1.5686274766921997,0.0,
2019-10-31 21:04:58.472,21.568628311157227,752.0,0.0,4.639999866485596,15.29411792755127,1.9607843160629272,0.0,
2019-10-31 21:05:09.069,15.686274528503418,741.5,0.0,2.950000047683716,17.254901885986328,1.5686274766921997,0.0,
2019-10-31 21:05:15.468,15.686274528503418,741.5,0.0,2.950000047683716,12.941176414489746,1.5686274766921997,0.0,
2019-10-31 21:05:26.534,20.0,709.25,0.0,2.950000047683716,17.647058486938477,1.5686274766921997,0.0,
2019-10-31 21:05:32.797,20.0,709.25,0.0,2.950000047683716,18.823530197143555,1.9607843160629272,0.0,
2019-10-31 21:05:43.392,20.0,759.5,0.0,3.430000066757202,16.86274528503418,1.9607843160629272,0.0,
2019-10-31 21:05:49.759,20.0,759.5,0.0,3.430000066757202,20.784313201904297,2.3529412746429443,0.0,
2019-10-31 21:05:58.097,27.843137741088867,791.5,0.0,4.070000171661377,17.647058486938477,1.5686274766921997,0.0,
2019-10-31 21:05:58.820,27.843137741088867,791.5,0.0,4.070000171661377,19.60784339904785,2.745098114013672,0.0,
2019-10-31 21:06:00.515,23.52941131591797,939.5,0.0,4.289999961853027,20.0,2.745098114013672,0.0,
2019-10-31 21:06:01.194,23.52941131591797,939.5,0.0,4.289999961853027,20.39215660095215,2.745098114013672,0.0,
2019-10-31 21:06:02.820,23.13725471496582,986.75,0.0,3.200000047683716,20.784313201904297,2.745098114013672,0.0,
2019-10-31 21:06:03.494,23.13725471496582,986.75,0.0,3.200000047683716,16.86274528503418,1.5686274766921997,0.0,
2019-10-31 21:06:05.195,17.647058486938477,783.0,0.0,3.3399999141693115,16.47058868408203,1.5686274766921997,0.0,
2019-10-31 21:06:05.921,17.647058486938477,783.0,0.0,3.3399999141693115,17.254901885986328,1.5686274766921997,0.0,
2019-10-31 21:06:08.347,20.784313201904297,747.0,0.0,3.5199999809265137,16.86274528503418,1.9607843160629272,0.0,
2019-10-31 21:06:10.092,16.86274528503418,756.25,0.0,3.1600000858306885,16.47058868408203,1.5686274766921997,0.0,
2019-10-31 21:06:12.446,18.039215087890625,753.0,0.0,2.7100000381469727,17.254901885986328,1.5686274766921997,0.0,
2019-10-31 21:06:13.170,18.039215087890625,753.0,0.0,2.7100000381469727,17.647058486938477,1.5686274766921997,0.0,
2019-10-31 21:06:14.820,19.60784339904785,738.0,0.0,3.4700000286102295,16.47058868408203,1.5686274766921997,0.0,
2019-10-31 21:06:15.570,19.60784339904785,738.0,0.0,3.4700000286102295,24.3137264251709,2.3529412746429443,0.0,
2019-10-31 21:06:17.269,23.921567916870117,941.75,0.0,4.579999923706055,20.0,2.745098114013672,0.0,
2019-10-31 21:06:17.996,23.921567916870117,941.75,0.0,4.579999923706055,19.60784339904785,2.745098114013672,0.0,
2019-10-31 21:06:19.672,23.13725471496582,938.25,0.0,4.46999979019165,21.176469802856445,2.745098114013672,0.0,
2019-10-31 21:06:20.421,23.13725471496582,938.25,0.0,4.46999979019165,19.60784339904785,1.5686274766921997,0.0,
2019-10-31 21:06:22.046,16.078432083129883,770.0,0.0,2.950000047683716,13.333333015441895,1.5686274766921997,0.0,
2019-10-31 21:06:22.769,16.078432083129883,770.0,0.0,2.950000047683716,18.039215087890625,1.5686274766921997,0.0,
2019-10-31 21:06:24.422,17.647058486938477,702.25,0.0,3.1600000858306885,18.431371688842773,1.5686274766921997,0.0,
2019-10-31 21:06:25.172,17.647058486938477,702.25,0.0,3.1600000858306885,18.039215087890625,1.5686274766921997,0.0,
2019-10-31 21:06:26.894,21.568628311157227,726.5,0.0,3.430000066757202,16.86274528503418,1.5686274766921997,0.0,
2019-10-31 21:06:27.597,21.568628311157227,726.5,0.0,3.430000066757202,17.647058486938477,1.5686274766921997,0.0,
2019-10-31 21:06:29.319,16.47058868408203,750.5,0.0,3.569999933242798,17.254901885986328,1.5686274766921997,0.0,
2019-10-31 21:06:29.997,16.47058868408203,750.5,0.0,3.569999933242798,18.039215087890625,1.5686274766921997,0.0,
2019-10-31 21:06:31.693,16.86274528503418,738.0,0.0,2.9100000858306885,17.647058486938477,1.5686274766921997,0.0,
2019-10-31 21:06:32.421,16.86274528503418,738.0,0.0,2.9100000858306885,17.254901885986328,1.5686274766921997,0.0,
2019-10-31 21:06:34.120,26.27450942993164,920.75,0.0,4.239999771118164,22.352941513061523,2.3529412746429443,0.0,
2019-10-31 21:06:34.869,26.27450942993164,920.75,0.0,4.239999771118164,20.784313201904297,2.3529412746429443,0.0,
2019-10-31 21:06:36.445,23.921567916870117,861.25,0.0,4.46999979019165,19.60784339904785,2.3529412746429443,0.0,
2019-10-31 21:06:37.144,23.921567916870117,861.25,0.0,4.46999979019165,20.39215660095215,2.3529412746429443,0.0,
2019-10-31 21:06:38.771,18.431371688842773,851.25,0.0,3.809999942779541,12.549019813537598,1.9607843160629272,0.0,
2019-10-31 21:06:39.471,18.431371688842773,851.25,0.0,3.809999942779541,16.078432083129883,1.9607843160629272,0.0,
2019-10-31 21:06:41.172,18.431371688842773,764.0,0.0,3.200000047683716,17.254901885986328,1.5686274766921997,0.0,
2019-10-31 21:06:41.895,18.431371688842773,764.0,0.0,3.200000047683716,16.86274528503418,1.5686274766921997,0.0,
2019-10-31 21:06:43.594,20.0,732.0,0.0,3.119999885559082,17.647058486938477,1.5686274766921997,0.0,
2019-10-31 21:06:44.320,20.0,732.0,0.0,3.119999885559082,17.254901885986328,1.5686274766921997,0.0,
2019-10-31 21:06:46.018,16.078432083129883,767.5,0.0,2.869999885559082,16.86274528503418,1.5686274766921997,0.0,
2019-10-31 21:06:46.745,16.078432083129883,767.5,0.0,2.869999885559082,17.254901885986328,1.5686274766921997,0.0,
2019-10-31 21:06:48.420,18.039215087890625,738.5,0.0,3.200000047683716,17.647058486938477,1.5686274766921997,0.0,
2019-10-31 21:06:49.146,18.039215087890625,738.5,0.0,3.200000047683716,17.254901885986328,1.5686274766921997,0.0,
2019-10-31 21:06:50.845,22.352941513061523,907.5,0.0,4.940000057220459,23.52941131591797,2.3529412746429443,0.0,
2019-10-31 21:06:53.246,24.3137264251709,890.75,0.0,4.239999771118164,20.784313201904297,2.3529412746429443,0.0,
2019-10-31 21:06:55.670,14.901960372924805,854.25,0.0,3.4700000286102295,20.39215660095215,1.5686274766921997,0.0,
2019-10-31 21:06:56.395,14.901960372924805,854.25,0.0,3.4700000286102295,17.647058486938477,1.5686274766921997,0.0,
2019-10-31 21:06:58.096,16.86274528503418,756.0,0.0,2.950000047683716,16.86274528503418,1.5686274766921997,0.0,
2019-10-31 21:06:58.795,16.86274528503418,756.0,0.0,2.950000047683716,17.647058486938477,1.5686274766921997,0.0,
2019-10-31 21:07:00.496,19.60784339904785,749.0,0.0,2.869999885559082,17.254901885986328,1.5686274766921997,0.0,
2019-10-31 21:07:01.220,19.60784339904785,749.0,0.0,2.869999885559082,17.647058486938477,1.5686274766921997,0.0,
2019-10-31 21:07:05.320,18.823530197143555,758.0,0.0,3.3399999141693115,17.254901885986328,1.5686274766921997,0.0,
2019-10-31 21:07:06.044,18.823530197143555,758.0,0.0,3.3399999141693115,16.86274528503418,1.5686274766921997,0.0,
2019-10-31 21:07:07.746,30.19607925415039,711.0,0.0,4.239999771118164,18.039215087890625,1.5686274766921997,0.0,
2019-10-31 21:07:08.470,30.19607925415039,711.0,0.0,4.239999771118164,20.0,2.3529412746429443,0.0,
2019-10-31 21:07:10.146,23.13725471496582,867.0,0.0,4.519999980926514,19.215686798095703,2.3529412746429443,0.0,
2019-10-31 21:07:12.595,22.745098114013672,941.75,0.0,3.119999885559082,19.60784339904785,2.3529412746429443,0.0,
2019-10-31 21:07:13.295,22.745098114013672,941.75,0.0,3.119999885559082,13.72549057006836,1.9607843160629272,0.0,
2019-10-31 21:07:14.969,21.568628311157227,741.5,0.0,5.789999961853027,18.431371688842773,2.745098114013672,0.0,
2019-10-31 21:07:15.720,21.568628311157227,741.5,0.0,5.789999961853027,19.215686798095703,1.9607843160629272,0.0,
2019-10-31 21:07:17.396,23.921567916870117,705.0,0.0,5.320000171661377,24.3137264251709,2.3529412746429443,0.0,
2019-10-31 21:07:18.147,23.921567916870117,705.0,0.0,5.320000171661377,23.52941131591797,1.9607843160629272,0.0,
2019-10-31 21:07:19.820,23.921567916870117,687.75,2.0,3.859999895095825,21.568628311157227,2.3529412746429443,0.0,
2019-10-31 21:07:20.547,23.921567916870117,687.75,2.0,3.859999895095825,27.45098114013672,1.9607843160629272,0.0,
2019-10-31 21:07:22.246,34.90196228027344,714.5,3.0,3.069999933242798,20.0,1.9607843160629272,0.0,
2019-10-31 21:07:22.945,34.90196228027344,714.5,3.0,3.069999933242798,21.176469802856445,2.3529412746429443,0.0,
2019-10-31 21:07:24.645,25.882352828979492,725.25,4.0,4.130000114440918,24.3137264251709,2.3529412746429443,0.0,
2019-10-31 21:07:25.397,25.882352828979492,725.25,4.0,4.130000114440918,20.0,2.745098114013672,0.0,
2019-10-31 21:07:27.070,25.490196228027344,825.0,5.0,4.699999809265137,30.19607925415039,3.1372549533843994,0.0,
2019-10-31 21:07:27.798,25.490196228027344,825.0,5.0,4.699999809265137,27.058822631835938,2.745098114013672,0.0,
2019-10-31 21:07:29.469,29.019607543945312,702.5,4.0,3.430000066757202,26.27450942993164,2.3529412746429443,0.0,
2019-10-31 21:07:30.196,29.019607543945312,702.5,4.0,3.430000066757202,19.215686798095703,2.3529412746429443,0.0,
2019-10-31 21:07:31.897,25.882352828979492,696.0,3.0,9.5600004196167,24.705883026123047,2.3529412746429443,0.0,
2019-10-31 21:07:32.620,25.882352828979492,696.0,3.0,9.5600004196167,41.568626403808594,7.843137264251709,0.0,
2019-10-31 21:07:34.295,25.490196228027344,802.5,0.0,4.239999771118164,16.47058868408203,3.1372549533843994,0.0,
2019-10-31 21:07:35.019,25.490196228027344,802.5,0.0,4.239999771118164,19.60784339904785,4.313725471496582,7.843137264251709,
2019-10-31 21:07:36.720,41.568626403808594,950.5,5.0,17.260000228881836,36.86274337768555,3.529411792755127,3.1372549533843994,
2019-10-31 21:07:37.445,41.568626403808594,950.5,5.0,17.260000228881836,29.019607543945312,4.705882549285889,7.843137264251709,
2019-10-31 21:07:39.147,55.686275482177734,1945.5,16.0,22.899999618530273,52.156864166259766,9.411765098571777,9.019607543945312,
2019-10-31 21:07:39.846,55.686275482177734,1945.5,16.0,22.899999618530273,50.19607925415039,10.196078300476074,9.019607543945312,
2019-10-31 21:07:41.546,20.784313201904297,1293.25,22.0,4.639999866485596,37.64706039428711,7.450980186462402,2.3529412746429443,
2019-10-31 21:07:42.271,20.784313201904297,1293.25,22.0,4.639999866485596,18.039215087890625,2.3529412746429443,0.0,
2019-10-31 21:07:43.969,22.745098114013672,811.25,3.0,4.519999980926514,23.921567916870117,2.745098114013672,0.0,
2019-10-31 21:07:44.696,22.745098114013672,811.25,3.0,4.519999980926514,25.882352828979492,2.3529412746429443,0.0,
2019-10-31 21:07:46.394,52.156864166259766,936.25,4.0,17.520000457763672,23.52941131591797,2.3529412746429443,0.0,
2019-10-31 21:07:47.095,52.156864166259766,936.25,4.0,17.520000457763672,46.66666793823242,8.627450942993164,8.627450942993164,
2019-10-31 21:07:48.795,36.86274337768555,1667.25,16.0,5.059999942779541,56.47058868408203,7.843137264251709,5.882352828979492,
2019-10-31 21:07:49.519,36.86274337768555,1667.25,16.0,5.059999942779541,14.117647171020508,2.3529412746429443,0.0,
2019-10-31 21:07:51.295,40.39215850830078,1318.5,16.0,17.389999389648438,14.509803771972656,3.529411792755127,5.882352828979492,
2019-10-31 21:07:51.971,40.39215850830078,1318.5,16.0,17.389999389648438,50.98039245605469,8.235294342041016,10.196078300476074,
2019-10-31 21:07:53.620,68.62744903564453,1952.75,25.0,16.600000381469727,58.82352828979492,11.372549057006836,9.411765098571777,
2019-10-31 21:07:54.346,68.62744903564453,1952.75,25.0,16.600000381469727,25.882352828979492,6.666666507720947,9.019607543945312,
2019-10-31 21:07:56.048,46.66666793823242,1740.25,32.0,15.800000190734863,55.29411697387695,8.235294342041016,8.627450942993164,
2019-10-31 21:07:56.769,46.66666793823242,1740.25,32.0,15.800000190734863,44.70588302612305,12.15686321258545,9.411765098571777,
2019-10-31 21:07:58.419,73.33333587646484,1345.75,37.0,5.059999942779541,68.62744903564453,16.47058868408203,8.627450942993164,
2019-10-31 21:07:59.170,73.33333587646484,1345.75,37.0,5.059999942779541,17.647058486938477,2.745098114013672,0.0,
2019-10-31 21:08:00.871,21.176469802856445,1021.5,29.0,4.579999923706055,15.29411792755127,2.745098114013672,0.0,
2019-10-31 21:08:01.596,21.176469802856445,1021.5,29.0,4.579999923706055,19.60784339904785,1.5686274766921997,0.0,
2019-10-31 21:08:03.297,22.745098114013672,851.75,12.0,4.519999980926514,16.078432083129883,2.3529412746429443,0.0,
2019-10-31 21:08:04.020,22.745098114013672,851.75,12.0,4.519999980926514,24.3137264251709,1.9607843160629272,0.0,
2019-10-31 21:08:05.722,27.45098114013672,642.5,0.0,3.7100000381469727,23.13725471496582,1.5686274766921997,0.0,
2019-10-31 21:08:08.121,23.52941131591797,644.75,0.0,3.9700000286102295,22.745098114013672,1.9607843160629272,0.0,
2019-10-31 21:08:08.845,23.52941131591797,644.75,0.0,3.9700000286102295,23.13725471496582,1.9607843160629272,0.0,
2019-10-31 21:08:12.946,17.254901885986328,724.0,0.0,3.9700000286102295,22.745098114013672,2.745098114013672,0.0,
2019-10-31 21:08:13.670,17.254901885986328,724.0,0.0,3.9700000286102295,21.960784912109375,1.9607843160629272,0.0,
2019-10-31 21:08:15.371,22.352941513061523,698.5,0.0,3.569999933242798,22.352941513061523,1.9607843160629272,0.0,
2019-10-31 21:08:16.095,22.352941513061523,698.5,0.0,3.569999933242798,23.13725471496582,2.745098114013672,0.0,
2019-10-31 21:08:17.771,26.27450942993164,711.5,0.0,4.579999923706055,23.921567916870117,2.3529412746429443,0.0,
2019-10-31 21:08:18.521,26.27450942993164,711.5,0.0,4.579999923706055,26.66666603088379,2.3529412746429443,0.0,
2019-10-31 21:08:20.195,26.27450942993164,708.75,0.0,4.130000114440918,26.27450942993164,2.3529412746429443,0.0,
2019-10-31 21:08:20.919,26.27450942993164,708.75,0.0,4.130000114440918,25.882352828979492,1.9607843160629272,0.0,
2019-10-31 21:08:22.621,27.058822631835938,636.5,0.0,3.809999942779541,21.568628311157227,1.9607843160629272,0.0,
2019-10-31 21:08:23.344,27.058822631835938,636.5,0.0,3.809999942779541,22.352941513061523,1.9607843160629272,0.0,
2019-10-31 21:08:25.021,20.39215660095215,665.5,0.0,3.6700000762939453,21.568628311157227,1.9607843160629272,0.0,
2019-10-31 21:08:27.446,23.13725471496582,637.5,0.0,3.4700000286102295,21.960784912109375,1.9607843160629272,0.0,
2019-10-31 21:08:28.169,23.13725471496582,637.5,0.0,3.4700000286102295,22.745098114013672,1.9607843160629272,0.0,
2019-10-31 21:08:30.569,21.568628311157227,635.5,0.0,3.380000114440918,22.352941513061523,1.9607843160629272,0.0,
2019-10-31 21:08:32.271,36.86274337768555,660.25,0.0,10.4399995803833,22.745098114013672,1.9607843160629272,0.0,
2019-10-31 21:08:32.969,36.86274337768555,660.25,0.0,10.4399995803833,57.64706039428711,2.745098114013672,0.0,
2019-10-31 21:08:34.696,100.0,1228.0,8.0,16.600000381469727,22.352941513061523,2.745098114013672,0.0,
2019-10-31 21:08:35.422,100.0,1228.0,8.0,16.600000381469727,42.35293960571289,7.450980186462402,7.450980186462402,
2019-10-31 21:08:37.094,38.039215087890625,1225.75,16.0,11.680000305175781,41.960784912109375,5.490196228027344,3.1372549533843994,
2019-10-31 21:08:37.821,38.039215087890625,1225.75,16.0,11.680000305175781,40.7843132019043,6.666666507720947,7.450980186462402,
2019-10-31 21:08:39.519,56.07843017578125,1876.0,24.0,26.280000686645508,44.70588302612305,11.372549057006836,9.411765098571777,
2019-10-31 21:08:40.246,56.07843017578125,1876.0,24.0,26.280000686645508,65.88235473632812,11.764705657958984,10.588234901428223,
2019-10-31 21:08:41.918,29.80392074584961,1908.25,34.0,18.420000076293945,62.35293960571289,12.15686321258545,5.490196228027344,
2019-10-31 21:08:42.645,29.80392074584961,1908.25,34.0,18.420000076293945,59.60784149169922,10.196078300476074,8.235294342041016,
2019-10-31 21:08:44.345,51.3725471496582,1463.75,40.0,18.729999542236328,63.52941131591797,8.235294342041016,8.235294342041016,
2019-10-31 21:08:45.070,51.3725471496582,1463.75,40.0,18.729999542236328,26.66666603088379,2.3529412746429443,0.0,
2019-10-31 21:08:47.495,15.686274528503418,1394.0,40.0,3.619999885559082,11.372549057006836,1.9607843160629272,0.0,
2019-10-31 21:08:49.170,14.901960372924805,1067.75,30.0,3.069999933242798,11.764705657958984,1.9607843160629272,0.0,
2019-10-31 21:08:49.895,14.901960372924805,1067.75,30.0,3.069999933242798,12.15686321258545,1.9607843160629272,0.0,
2019-10-31 21:08:51.596,21.176469802856445,736.0,17.0,3.430000066757202,15.29411792755127,1.9607843160629272,0.0,
2019-10-31 21:08:52.343,21.176469802856445,736.0,17.0,3.430000066757202,13.72549057006836,1.9607843160629272,0.0,
2019-10-31 21:08:54.021,28.235294342041016,662.25,8.0,16.860000610351562,19.60784339904785,1.9607843160629272,0.0,
2019-10-31 21:08:54.695,28.235294342041016,662.25,8.0,16.860000610351562,34.509803771972656,3.9215686321258545,7.843137264251709,
2019-10-31 21:08:56.421,54.117645263671875,1760.75,17.0,25.690000534057617,47.843135833740234,7.843137264251709,4.705882549285889,
2019-10-31 21:08:57.146,54.117645263671875,1760.75,17.0,25.690000534057617,58.431373596191406,11.764705657958984,10.588234901428223,
2019-10-31 21:08:58.847,91.76470947265625,2213.25,29.0,32.02000045776367,61.568626403808594,12.941176414489746,11.764705657958984,
2019-10-31 21:08:59.572,91.76470947265625,2213.25,29.0,32.02000045776367,62.35293960571289,7.450980186462402,9.411765098571777,
2019-10-31 21:09:01.246,38.431373596191406,1331.75,35.0,10.619999885559082,51.764705657958984,7.058823585510254,6.666666507720947,
2019-10-31 21:09:01.970,38.431373596191406,1331.75,35.0,10.619999885559082,23.13725471496582,4.313725471496582,6.666666507720947,
2019-10-31 21:09:03.670,57.64706039428711,1295.0,36.0,3.9700000286102295,28.235294342041016,8.235294342041016,8.627450942993164,
2019-10-31 21:09:04.396,57.64706039428711,1295.0,36.0,3.9700000286102295,11.764705657958984,1.9607843160629272,0.0,
2019-10-31 21:09:06.095,15.686274528503418,834.0,19.0,4.349999904632568,12.549019813537598,1.9607843160629272,0.0,
2019-10-31 21:09:06.819,15.686274528503418,834.0,19.0,4.349999904632568,16.47058868408203,1.5686274766921997,0.0,
2019-10-31 21:09:08.496,41.17647171020508,1127.75,9.0,23.549999237060547,23.13725471496582,1.9607843160629272,4.313725471496582,
2019-10-31 21:09:09.221,41.17647171020508,1127.75,9.0,23.549999237060547,23.921567916870117,4.705882549285889,5.490196228027344,
2019-10-31 21:09:10.921,83.92156982421875,1862.0,18.0,24.520000457763672,30.980392456054688,7.450980186462402,9.019607543945312,
2019-10-31 21:09:11.645,83.92156982421875,1862.0,18.0,24.520000457763672,56.86274337768555,10.980392456054688,9.803921699523926,
2019-10-31 21:09:13.322,70.19607543945312,2077.75,30.0,32.790000915527344,54.117645263671875,11.372549057006836,10.196078300476074,
2019-10-31 21:09:14.043,70.19607543945312,2077.75,30.0,32.790000915527344,59.2156867980957,12.941176414489746,9.411765098571777,
2019-10-31 21:09:15.744,69.01960754394531,2003.0,39.0,23.15999984741211,56.07843017578125,13.333333015441895,9.411765098571777,
2019-10-31 21:09:16.471,69.01960754394531,2003.0,39.0,23.15999984741211,64.31372833251953,10.980392456054688,7.843137264251709,
2019-10-31 21:09:18.171,43.13725662231445,1500.75,43.0,6.119999885559082,44.70588302612305,7.450980186462402,6.666666507720947,
2019-10-31 21:09:18.897,43.13725662231445,1500.75,43.0,6.119999885559082,15.29411792755127,2.745098114013672,0.0,
2019-10-31 21:09:20.595,19.215686798095703,1391.5,39.0,4.820000171661377,14.117647171020508,2.745098114013672,0.0,
2019-10-31 21:09:21.272,19.215686798095703,1391.5,39.0,4.820000171661377,14.901960372924805,2.745098114013672,0.0,
2019-10-31 21:09:22.994,19.60784339904785,968.0,25.0,4.760000228881836,16.86274528503418,2.3529412746429443,0.0,
2019-10-31 21:09:23.720,19.60784339904785,968.0,25.0,4.760000228881836,16.078432083129883,2.3529412746429443,0.0,
2019-10-31 21:09:25.394,26.27450942993164,670.0,7.0,6.400000095367432,16.47058868408203,1.9607843160629272,0.0,
2019-10-31 21:09:26.120,26.27450942993164,670.0,7.0,6.400000095367432,52.156864166259766,7.058823585510254,9.019607543945312,
2019-10-31 21:09:27.824,56.47058868408203,1926.75,17.0,21.360000610351562,42.35293960571289,8.627450942993164,8.235294342041016,
2019-10-31 21:09:28.545,56.47058868408203,1926.75,17.0,21.360000610351562,48.6274528503418,11.372549057006836,9.803921699523926,
2019-10-31 21:09:30.244,74.50980377197266,2084.75,27.0,32.599998474121094,56.86274337768555,11.372549057006836,10.980392456054688,
2019-10-31 21:09:30.970,74.50980377197266,2084.75,27.0,32.599998474121094,60.39215850830078,12.549019813537598,10.980392456054688,
2019-10-31 21:09:32.670,89.01960754394531,2416.0,38.0,31.6299991607666,54.117645263671875,12.15686321258545,10.588234901428223,
2019-10-31 21:09:33.396,89.01960754394531,2416.0,38.0,31.6299991607666,56.86274337768555,12.549019813537598,10.196078300476074,
2019-10-31 21:09:35.071,93.7254867553711,1729.25,45.0,27.639999389648438,58.039215087890625,13.72549057006836,9.803921699523926,
2019-10-31 21:09:35.794,93.7254867553711,1729.25,45.0,27.639999389648438,65.88235473632812,14.117647171020508,7.843137264251709,
2019-10-31 21:09:37.470,61.17647171020508,1660.5,50.0,10.619999885559082,56.47058868408203,12.15686321258545,8.627450942993164,
2019-10-31 21:09:38.193,61.17647171020508,1660.5,50.0,10.619999885559082,31.764705657958984,7.843137264251709,9.411765098571777,
2019-10-31 21:09:39.897,92.54901885986328,2238.75,54.0,38.31999969482422,72.1568603515625,15.686274528503418,14.117647171020508,
2019-10-31 21:09:40.619,92.54901885986328,2238.75,54.0,38.31999969482422,70.19607543945312,18.823530197143555,13.333333015441895,
2019-10-31 21:09:42.342,87.45098114013672,2191.75,60.0,26.280000686645508,67.05882263183594,16.47058868408203,12.15686321258545,
2019-10-31 21:09:43.019,87.45098114013672,2191.75,60.0,26.280000686645508,28.235294342041016,5.098039150238037,5.098039150238037,
2019-10-31 21:09:44.721,37.25490188598633,1558.5,58.0,5.590000152587891,20.39215660095215,5.490196228027344,6.274509906768799,
2019-10-31 21:09:45.471,37.25490188598633,1558.5,58.0,5.590000152587891,15.29411792755127,2.745098114013672,0.0,
2019-10-31 21:09:47.145,23.921567916870117,1029.75,39.0,4.239999771118164,16.86274528503418,2.3529412746429443,0.0,
2019-10-31 21:09:47.869,23.921567916870117,1029.75,39.0,4.239999771118164,19.60784339904785,2.3529412746429443,0.0,
2019-10-31 21:09:49.572,16.078432083129883,1064.25,29.0,3.5199999809265137,22.352941513061523,2.3529412746429443,0.0,
2019-10-31 21:09:50.270,16.078432083129883,1064.25,29.0,3.5199999809265137,14.901960372924805,1.9607843160629272,0.0,
2019-10-31 21:09:51.971,25.882352828979492,672.25,8.0,14.350000381469727,22.352941513061523,1.9607843160629272,0.0,
2019-10-31 21:09:52.695,25.882352828979492,672.25,8.0,14.350000381469727,47.843135833740234,7.843137264251709,8.627450942993164,
2019-10-31 21:09:54.370,56.07843017578125,2132.75,20.0,24.329999923706055,45.490196228027344,8.235294342041016,7.843137264251709,
2019-10-31 21:09:56.795,76.47058868408203,1836.0,30.0,31.15999984741211,46.27450942993164,12.941176414489746,9.411765098571777,
2019-10-31 21:09:57.521,76.47058868408203,1836.0,30.0,31.15999984741211,65.88235473632812,13.72549057006836,9.411765098571777,
2019-10-31 21:09:59.219,70.19607543945312,2237.75,41.0,25.889999389648438,61.568626403808594,12.15686321258545,10.196078300476074,
2019-10-31 21:09:59.945,70.19607543945312,2237.75,41.0,25.889999389648438,54.117645263671875,9.803921699523926,9.019607543945312,
2019-10-31 21:10:01.645,65.09803771972656,1705.0,47.0,15.930000305175781,50.19607925415039,10.196078300476074,8.235294342041016,
2019-10-31 21:10:02.372,65.09803771972656,1705.0,47.0,15.930000305175781,38.039215087890625,6.274509906768799,8.235294342041016,
2019-10-31 21:10:04.045,40.7843132019043,1321.25,49.0,5.789999961853027,57.25490188598633,6.274509906768799,7.058823585510254,
2019-10-31 21:10:04.771,40.7843132019043,1321.25,49.0,5.789999961853027,17.254901885986328,2.745098114013672,4.705882549285889,
2019-10-31 21:10:06.471,15.29411792755127,1181.0,48.0,3.119999885559082,23.921567916870117,2.745098114013672,0.3921568691730499,
2019-10-31 21:10:07.197,15.29411792755127,1181.0,48.0,3.119999885559082,14.901960372924805,1.5686274766921997,0.0,
2019-10-31 21:10:08.872,15.29411792755127,984.0,45.0,3.200000047683716,12.549019813537598,1.5686274766921997,0.0,
2019-10-31 21:10:09.595,15.29411792755127,984.0,45.0,3.200000047683716,14.117647171020508,1.5686274766921997,0.0,
2019-10-31 21:10:11.295,21.568628311157227,1020.75,43.0,4.409999847412109,13.333333015441895,2.3529412746429443,0.0,
2019-10-31 21:10:12.022,21.568628311157227,1020.75,43.0,4.409999847412109,16.078432083129883,2.3529412746429443,0.0,
2019-10-31 21:10:13.720,20.0,890.25,38.0,4.130000114440918,18.431371688842773,2.3529412746429443,0.0,
2019-10-31 21:10:14.446,20.0,890.25,38.0,4.130000114440918,19.60784339904785,1.5686274766921997,0.0,
2019-10-31 21:10:16.121,14.509803771972656,999.5,29.0,3.9700000286102295,11.372549057006836,1.9607843160629272,0.0,
2019-10-31 21:10:16.845,14.509803771972656,999.5,29.0,3.9700000286102295,24.3137264251709,5.098039150238037,7.450980186462402,
2019-10-31 21:10:18.545,64.70587921142578,1808.75,31.0,33.380001068115234,39.60784149169922,7.843137264251709,8.627450942993164,
2019-10-31 21:10:19.270,64.70587921142578,1808.75,31.0,33.380001068115234,69.4117660522461,63.92156982421875,18.431371688842773,
2019-10-31 21:10:21.670,96.47058868408203,2442.0,44.0,52.34000015258789,81.5686264038086,67.45098114013672,23.13725471496582,
2019-10-31 21:10:23.371,100.0,2608.5,56.0,58.11000061035156,80.78431701660156,67.45098114013672,23.52941131591797,
2019-10-31 21:10:24.099,100.0,2608.5,56.0,58.11000061035156,83.92156982421875,67.45098114013672,21.960784912109375,
2019-10-31 21:10:25.796,36.07843017578125,2325.5,63.0,29.260000228881836,85.09803771972656,13.72549057006836,7.058823585510254,
2019-10-31 21:10:26.519,36.07843017578125,2325.5,63.0,29.260000228881836,60.39215850830078,14.901960372924805,14.117647171020508,
2019-10-31 21:10:28.195,87.05882263183594,2289.0,68.0,33.18000030517578,67.45098114013672,15.686274528503418,12.15686321258545,
2019-10-31 21:10:28.922,87.05882263183594,2289.0,68.0,33.18000030517578,63.92156982421875,13.72549057006836,10.196078300476074,
2019-10-31 21:10:30.620,87.45098114013672,1909.5,72.0,29.5,66.66666412353516,14.901960372924805,10.196078300476074,
2019-10-31 21:10:31.343,87.45098114013672,1909.5,72.0,29.5,42.74509811401367,5.098039150238037,2.745098114013672,
2019-10-31 21:10:33.046,15.686274528503418,1731.75,71.0,4.639999866485596,17.254901885986328,2.745098114013672,0.0,
2019-10-31 21:10:35.445,22.745098114013672,1622.75,67.0,9.819999694824219,11.372549057006836,3.1372549533843994,3.9215686321258545,
2019-10-31 21:10:36.171,22.745098114013672,1622.75,67.0,9.819999694824219,31.372549057006836,6.666666507720947,7.058823585510254,
2019-10-31 21:10:37.870,60.39215850830078,1628.5,67.0,13.859999656677246,40.0,9.803921699523926,7.843137264251709,
2019-10-31 21:10:38.594,60.39215850830078,1628.5,67.0,13.859999656677246,53.33333206176758,9.803921699523926,8.235294342041016,
2019-10-31 21:10:40.270,69.01960754394531,1646.25,68.0,13.729999542236328,40.7843132019043,7.843137264251709,7.843137264251709,
2019-10-31 21:10:40.994,69.01960754394531,1646.25,68.0,13.729999542236328,36.86274337768555,6.666666507720947,7.843137264251709,
2019-10-31 21:10:42.695,26.27450942993164,1642.5,68.0,15.399999618530273,38.039215087890625,6.274509906768799,3.9215686321258545,
2019-10-31 21:10:43.419,26.27450942993164,1642.5,68.0,15.399999618530273,43.92156982421875,6.666666507720947,6.274509906768799,
2019-10-31 21:10:45.121,42.74509811401367,1629.75,67.0,12.5,29.80392074584961,5.098039150238037,6.274509906768799,
2019-10-31 21:10:45.820,42.74509811401367,1629.75,67.0,12.5,20.39215660095215,5.098039150238037,4.705882549285889,
2019-10-31 21:10:47.522,52.94117736816406,1611.0,66.0,13.859999656677246,27.058822631835938,5.490196228027344,7.843137264251709,
2019-10-31 21:10:48.245,52.94117736816406,1611.0,66.0,13.859999656677246,30.19607925415039,6.666666507720947,7.843137264251709,
2019-10-31 21:10:49.946,53.33333206176758,1611.25,67.0,20.40999984741211,47.45098114013672,7.058823585510254,7.450980186462402,
2019-10-31 21:10:50.670,53.33333206176758,1611.25,67.0,20.40999984741211,44.70588302612305,7.450980186462402,7.843137264251709,
2019-10-31 21:10:52.343,27.45098114013672,1632.75,67.0,8.640000343322754,41.568626403808594,6.666666507720947,6.666666507720947,
2019-10-31 21:10:53.071,27.45098114013672,1632.75,67.0,8.640000343322754,22.745098114013672,3.9215686321258545,4.705882549285889,
2019-10-31 21:10:54.771,37.64706039428711,1597.5,66.0,14.350000381469727,23.52941131591797,3.9215686321258545,2.3529412746429443,
2019-10-31 21:10:55.497,37.64706039428711,1597.5,66.0,14.350000381469727,20.0,2.745098114013672,2.745098114013672,
2019-10-31 21:10:57.195,17.647058486938477,1545.75,63.0,4.019999980926514,14.901960372924805,2.745098114013672,2.3529412746429443,
2019-10-31 21:10:59.594,15.29411792755127,1419.5,57.0,3.569999933242798,10.980392456054688,1.9607843160629272,0.0,
2019-10-31 21:11:00.346,15.29411792755127,1419.5,57.0,3.569999933242798,11.372549057006836,1.9607843160629272,0.0,
2019-10-31 21:11:02.019,15.29411792755127,1063.0,44.0,3.430000066757202,12.15686321258545,1.9607843160629272,0.0,
2019-10-31 21:11:02.744,15.29411792755127,1063.0,44.0,3.430000066757202,12.941176414489746,1.5686274766921997,0.0,
2019-10-31 21:11:04.419,18.431371688842773,830.75,30.0,3.4700000286102295,14.117647171020508,1.5686274766921997,0.0,
2019-10-31 21:11:05.169,18.431371688842773,830.75,30.0,3.4700000286102295,13.72549057006836,1.9607843160629272,0.0,
2019-10-31 21:11:06.845,16.078432083129883,735.0,9.0,3.7100000381469727,21.960784912109375,1.9607843160629272,0.0,
2019-10-31 21:11:07.570,16.078432083129883,735.0,9.0,3.7100000381469727,23.52941131591797,1.9607843160629272,0.0,
2019-10-31 21:11:09.219,21.960784912109375,674.75,0.0,3.119999885559082,20.0,1.5686274766921997,0.0,
2019-10-31 21:11:11.568,23.52941131591797,675.75,0.0,4.019999980926514,21.176469802856445,1.9607843160629272,0.0,
2019-10-31 21:11:12.269,23.52941131591797,675.75,0.0,4.019999980926514,21.960784912109375,1.9607843160629272,0.0,
2019-10-31 21:11:14.521,21.568628311157227,676.5,0.0,3.5199999809265137,21.568628311157227,1.9607843160629272,0.0,
2019-10-31 21:11:16.143,23.921567916870117,781.75,0.0,4.519999980926514,29.019607543945312,2.745098114013672,0.0,
2019-10-31 21:11:18.496,29.019607543945312,716.0,0.0,4.699999809265137,24.705883026123047,2.3529412746429443,0.0,
2019-10-31 21:11:19.170,29.019607543945312,716.0,0.0,4.699999809265137,20.0,1.9607843160629272,0.0,
2019-10-31 21:11:20.871,25.882352828979492,680.5,0.0,3.619999885559082,23.13725471496582,1.9607843160629272,0.0,
2019-10-31 21:11:21.596,25.882352828979492,680.5,0.0,3.619999885559082,21.960784912109375,1.9607843160629272,0.0,
2019-10-31 21:11:23.994,25.098039627075195,659.75,0.0,3.7100000381469727,22.352941513061523,1.9607843160629272,0.0,
2019-10-31 21:11:25.694,21.176469802856445,675.5,0.0,3.2899999618530273,21.568628311157227,1.9607843160629272,0.0,
2019-10-31 21:11:26.394,21.176469802856445,675.5,0.0,3.2899999618530273,21.960784912109375,1.9607843160629272,0.0,
2019-10-31 21:11:30.519,22.352941513061523,678.25,0.0,3.430000066757202,22.352941513061523,1.9607843160629272,0.0,
2019-10-31 21:11:31.246,22.352941513061523,678.25,0.0,3.430000066757202,21.960784912109375,1.9607843160629272,0.0,
2019-10-31 21:11:32.945,25.490196228027344,678.0,0.0,16.06999969482422,21.568628311157227,1.9607843160629272,0.0,
2019-10-31 21:11:33.671,25.490196228027344,678.0,0.0,16.06999969482422,51.764705657958984,5.098039150238037,7.058823585510254,
2019-10-31 21:11:35.369,53.72549057006836,1749.75,15.0,16.729999542236328,46.27450942993164,7.843137264251709,7.450980186462402,
2019-10-31 21:11:36.070,53.72549057006836,1749.75,15.0,16.729999542236328,41.17647171020508,8.235294342041016,7.843137264251709,
2019-10-31 21:11:37.772,39.2156867980957,1534.0,22.0,16.600000381469727,43.52941131591797,6.274509906768799,6.274509906768799,
2019-10-31 21:11:38.496,39.2156867980957,1534.0,22.0,16.600000381469727,43.13725662231445,8.235294342041016,8.235294342041016,
2019-10-31 21:11:40.169,62.74509811401367,1728.25,29.0,25.690000534057617,47.45098114013672,8.627450942993164,7.058823585510254,
2019-10-31 21:11:40.894,62.74509811401367,1728.25,29.0,25.690000534057617,59.60784149169922,11.764705657958984,9.019607543945312,
2019-10-31 21:11:42.595,77.2549057006836,2059.0,37.0,27.25,58.039215087890625,12.549019813537598,9.411765098571777,
2019-10-31 21:11:43.321,77.2549057006836,2059.0,37.0,27.25,54.509803771972656,11.372549057006836,9.019607543945312,
2019-10-31 21:11:45.022,100.0,1729.25,42.0,28.549999237060547,61.17647171020508,10.196078300476074,8.627450942993164,
2019-10-31 21:11:45.742,100.0,1729.25,42.0,28.549999237060547,67.45098114013672,12.941176414489746,9.019607543945312,
2019-10-31 21:11:47.445,64.70587921142578,1749.5,48.0,24.90999984741211,61.960784912109375,8.627450942993164,9.019607543945312,
2019-10-31 21:11:48.145,64.70587921142578,1749.5,48.0,24.90999984741211,54.509803771972656,10.196078300476074,8.235294342041016,
2019-10-31 21:11:49.846,62.35293960571289,1880.75,51.0,21.100000381469727,51.764705657958984,9.411765098571777,8.235294342041016,
2019-10-31 21:11:50.571,62.35293960571289,1880.75,51.0,21.100000381469727,58.82352828979492,10.196078300476074,7.843137264251709,
2019-10-31 21:11:52.245,26.66666603088379,1355.0,52.0,5.590000152587891,39.2156867980957,3.9215686321258545,4.313725471496582,
2019-10-31 21:11:54.669,21.960784912109375,1257.25,48.0,3.3399999141693115,18.431371688842773,3.1372549533843994,3.529411792755127,
2019-10-31 21:11:55.395,21.960784912109375,1257.25,48.0,3.3399999141693115,13.333333015441895,1.9607843160629272,0.0,
2019-10-31 21:11:57.094,14.901960372924805,956.25,40.0,3.380000114440918,12.941176414489746,1.5686274766921997,0.0,
2019-10-31 21:11:57.820,14.901960372924805,956.25,40.0,3.380000114440918,14.901960372924805,1.9607843160629272,0.0,
2019-10-31 21:11:59.495,17.254901885986328,793.75,19.0,3.380000114440918,12.941176414489746,1.5686274766921997,0.0,
2019-10-31 21:12:00.246,17.254901885986328,793.75,19.0,3.380000114440918,19.60784339904785,1.5686274766921997,1.1764706373214722,
2019-10-31 21:12:01.919,61.960784912109375,1600.0,16.0,15.529999732971191,23.52941131591797,7.058823585510254,8.235294342041016,
2019-10-31 21:12:02.645,61.960784912109375,1600.0,16.0,15.529999732971191,37.25490188598633,2.745098114013672,0.0,
2019-10-31 21:12:04.346,14.509803771972656,886.25,16.0,5.059999942779541,17.647058486938477,1.5686274766921997,0.0,
2019-10-31 21:12:05.069,14.509803771972656,886.25,16.0,5.059999942779541,19.60784339904785,2.3529412746429443,0.0,
2019-10-31 21:12:06.770,27.058822631835938,686.25,3.0,4.070000171661377,21.568628311157227,1.9607843160629272,0.0,
2019-10-31 21:12:09.172,24.705883026123047,675.0,0.0,3.430000066757202,21.960784912109375,1.9607843160629272,0.0,
2019-10-31 21:12:09.896,24.705883026123047,675.0,0.0,3.430000066757202,22.352941513061523,5.490196228027344,8.235294342041016,
2019-10-31 21:12:11.596,63.13725662231445,1726.25,13.0,18.729999542236328,40.39215850830078,8.235294342041016,8.235294342041016,
2019-10-31 21:12:12.318,63.13725662231445,1726.25,13.0,18.729999542236328,43.92156982421875,9.411765098571777,8.627450942993164,
2019-10-31 21:12:13.995,62.74509811401367,1859.25,24.0,20.270000457763672,48.235294342041016,9.019607543945312,8.627450942993164,
2019-10-31 21:12:14.720,62.74509811401367,1859.25,24.0,20.270000457763672,43.13725662231445,9.019607543945312,8.627450942993164,
2019-10-31 21:12:16.420,70.98039245605469,1980.75,33.0,20.40999984741211,55.29411697387695,11.372549057006836,8.627450942993164,
2019-10-31 21:12:17.145,70.98039245605469,1980.75,33.0,20.40999984741211,45.490196228027344,9.019607543945312,7.843137264251709,
2019-10-31 21:12:18.819,79.60784149169922,1567.0,40.0,5.730000019073486,49.411766052246094,8.235294342041016,8.235294342041016,
2019-10-31 21:12:19.572,79.60784149169922,1567.0,40.0,5.730000019073486,18.431371688842773,4.313725471496582,7.450980186462402,
2019-10-31 21:12:21.244,51.764705657958984,1608.25,44.0,12.630000114440918,41.17647171020508,7.058823585510254,7.450980186462402,
2019-10-31 21:12:22.003,51.764705657958984,1608.25,44.0,12.630000114440918,37.64706039428711,5.490196228027344,6.666666507720947,
2019-10-31 21:12:23.671,55.686275482177734,1272.75,47.0,13.119999885559082,35.686275482177734,6.666666507720947,7.450980186462402,
2019-10-31 21:12:24.395,55.686275482177734,1272.75,47.0,13.119999885559082,43.13725662231445,6.274509906768799,7.450980186462402,
2019-10-31 21:12:26.071,60.7843132019043,1380.5,50.0,16.200000762939453,42.74509811401367,6.666666507720947,7.843137264251709,
2019-10-31 21:12:26.798,60.7843132019043,1380.5,50.0,16.200000762939453,46.27450942993164,6.274509906768799,7.058823585510254,
2019-10-31 21:12:28.495,44.313724517822266,1370.25,52.0,11.329999923706055,39.60784149169922,5.882352828979492,7.450980186462402,
2019-10-31 21:12:29.220,44.313724517822266,1370.25,52.0,11.329999923706055,36.07843017578125,5.490196228027344,6.274509906768799,
2019-10-31 21:12:30.894,36.86274337768555,1384.25,52.0,8.039999961853027,33.33333206176758,5.098039150238037,6.274509906768799,
2019-10-31 21:12:31.645,36.86274337768555,1384.25,52.0,8.039999961853027,25.098039627075195,3.529411792755127,4.313725471496582,
2019-10-31 21:12:33.321,26.66666603088379,1342.75,51.0,5.730000019073486,18.431371688842773,2.745098114013672,3.1372549533843994,
2019-10-31 21:12:34.047,26.66666603088379,1342.75,51.0,5.730000019073486,21.960784912109375,3.529411792755127,3.9215686321258545,
2019-10-31 21:12:35.695,20.39215660095215,1279.5,50.0,3.759999990463257,17.254901885986328,2.745098114013672,2.745098114013672,
2019-10-31 21:12:36.443,20.39215660095215,1279.5,50.0,3.759999990463257,12.15686321258545,1.9607843160629272,0.0,
2019-10-31 21:12:38.143,16.47058868408203,1061.25,44.0,3.4700000286102295,14.901960372924805,1.9607843160629272,0.0,
2019-10-31 21:12:38.870,16.47058868408203,1061.25,44.0,3.4700000286102295,13.333333015441895,1.5686274766921997,0.0,
2019-10-31 21:12:40.569,17.647058486938477,1038.25,28.0,2.950000047683716,15.29411792755127,1.5686274766921997,0.0,
2019-10-31 21:12:41.295,17.647058486938477,1038.25,28.0,2.950000047683716,16.078432083129883,1.9607843160629272,0.0,
2019-10-31 21:12:42.970,61.960784912109375,1544.75,19.0,14.739999771118164,22.352941513061523,2.745098114013672,7.058823585510254,
2019-10-31 21:12:43.669,61.960784912109375,1544.75,19.0,14.739999771118164,47.45098114013672,8.627450942993164,7.843137264251709,
2019-10-31 21:12:45.420,58.039215087890625,1904.25,27.0,20.959999084472656,46.66666793823242,9.411765098571777,8.235294342041016,
2019-10-31 21:12:46.120,58.039215087890625,1904.25,27.0,20.959999084472656,59.60784149169922,10.196078300476074,8.627450942993164,
2019-10-31 21:12:47.822,59.60784149169922,1924.5,35.0,20.1299991607666,53.72549057006836,10.588234901428223,8.235294342041016,
2019-10-31 21:12:48.545,59.60784149169922,1924.5,35.0,20.1299991607666,47.45098114013672,8.627450942993164,7.843137264251709,
2019-10-31 21:12:50.221,54.90196228027344,1495.0,38.0,14.100000381469727,49.80392074584961,8.235294342041016,7.450980186462402,
2019-10-31 21:12:50.946,54.90196228027344,1495.0,38.0,14.100000381469727,43.52941131591797,6.274509906768799,6.666666507720947,
2019-10-31 21:12:52.646,21.960784912109375,1423.0,39.0,6.980000019073486,37.64706039428711,5.098039150238037,4.705882549285889,
2019-10-31 21:12:53.371,21.960784912109375,1423.0,39.0,6.980000019073486,20.784313201904297,4.313725471496582,5.098039150238037,
2019-10-31 21:12:55.070,16.078432083129883,1263.25,37.0,4.349999904632568,22.745098114013672,2.745098114013672,0.3921568691730499,
2019-10-31 21:12:57.471,21.960784912109375,1237.0,34.0,8.170000076293945,19.60784339904785,2.745098114013672,3.529411792755127,
2019-10-31 21:12:58.220,21.960784912109375,1237.0,34.0,8.170000076293945,30.980392456054688,5.490196228027344,6.274509906768799,
2019-10-31 21:12:59.895,40.39215850830078,1324.25,33.0,9.199999809265137,27.058822631835938,5.098039150238037,6.274509906768799,
2019-10-31 21:13:00.619,40.39215850830078,1324.25,33.0,9.199999809265137,30.58823585510254,5.098039150238037,6.274509906768799,
2019-10-31 21:13:02.319,41.960784912109375,1347.25,34.0,7.559999942779541,32.156864166259766,5.098039150238037,6.274509906768799,
2019-10-31 21:13:03.019,41.960784912109375,1347.25,34.0,7.559999942779541,25.490196228027344,2.745098114013672,0.7843137383460999,
2019-10-31 21:13:04.720,16.47058868408203,1056.75,31.0,3.7100000381469727,14.117647171020508,1.9607843160629272,0.0,
2019-10-31 21:13:05.445,16.47058868408203,1056.75,31.0,3.7100000381469727,13.72549057006836,1.5686274766921997,0.0,
2019-10-31 21:13:07.167,20.784313201904297,738.5,17.0,2.8299999237060547,15.29411792755127,1.9607843160629272,0.0,
2019-10-31 21:13:07.870,20.784313201904297,738.5,17.0,2.8299999237060547,14.509803771972656,2.3529412746429443,0.0,
2019-10-31 21:13:09.545,23.13725471496582,828.25,12.0,4.699999809265137,22.352941513061523,2.3529412746429443,0.0,
2019-10-31 21:13:10.271,23.13725471496582,828.25,12.0,4.699999809265137,14.117647171020508,2.3529412746429443,0.3921568691730499,
2019-10-31 21:13:11.970,44.313724517822266,1323.0,9.0,8.039999961853027,19.215686798095703,3.529411792755127,7.058823585510254,
2019-10-31 21:13:12.695,44.313724517822266,1323.0,9.0,8.039999961853027,34.509803771972656,5.490196228027344,5.098039150238037,
2019-10-31 21:13:14.395,26.27450942993164,1345.25,9.0,5.190000057220459,29.019607543945312,5.490196228027344,6.666666507720947,
2019-10-31 21:13:15.119,26.27450942993164,1345.25,9.0,5.190000057220459,20.39215660095215,1.9607843160629272,0.0,
2019-10-31 21:13:16.797,34.117645263671875,796.0,0.0,3.759999990463257,21.176469802856445,2.3529412746429443,0.0,
2019-10-31 21:13:17.520,34.117645263671875,796.0,0.0,3.759999990463257,18.823530197143555,2.3529412746429443,0.0,
2019-10-31 21:13:19.221,17.254901885986328,1023.5,0.0,2.509999990463257,23.13725471496582,1.9607843160629272,0.0,
2019-10-31 21:13:19.971,17.254901885986328,1023.5,0.0,2.509999990463257,12.549019813537598,1.1764706373214722,0.0,
2019-10-31 21:13:21.619,14.901960372924805,686.25,0.0,4.239999771118164,17.254901885986328,1.1764706373214722,0.0,
2019-10-31 21:13:22.346,14.901960372924805,686.25,0.0,4.239999771118164,19.215686798095703,2.3529412746429443,0.0,
2019-10-31 21:13:24.770,21.960784912109375,972.0,0.0,3.4700000286102295,16.47058868408203,1.9607843160629272,0.0,
2019-10-31 21:13:26.445,16.078432083129883,745.0,0.0,2.4800000190734863,18.431371688842773,1.5686274766921997,0.0,
2019-10-31 21:13:28.872,15.686274528503418,707.75,0.0,3.1600000858306885,17.647058486938477,1.1764706373214722,0.0,
2019-10-31 21:13:29.594,15.686274528503418,707.75,0.0,3.1600000858306885,16.47058868408203,1.1764706373214722,0.0,
2019-10-31 21:13:33.720,17.647058486938477,690.75,0.0,3.0299999713897705,16.86274528503418,1.1764706373214722,0.0,
2019-10-31 21:13:34.420,17.647058486938477,690.75,0.0,3.0299999713897705,16.47058868408203,1.1764706373214722,0.0,
2019-10-31 21:13:38.545,15.29411792755127,690.25,0.0,2.319999933242798,16.86274528503418,1.1764706373214722,0.0,
2019-10-31 21:13:39.269,15.29411792755127,690.25,0.0,2.319999933242798,16.078432083129883,1.1764706373214722,0.0,
2019-10-31 21:13:40.944,18.823530197143555,676.0,0.0,2.75,16.86274528503418,1.1764706373214722,0.0,
2019-10-31 21:13:45.794,26.27450942993164,670.5,0.0,4.070000171661377,16.47058868408203,1.1764706373214722,0.0,
2019-10-31 21:13:46.520,26.27450942993164,670.5,0.0,4.070000171661377,18.823530197143555,2.3529412746429443,0.0,
2019-10-31 21:13:48.200,22.352941513061523,959.5,0.0,3.7100000381469727,17.254901885986328,2.3529412746429443,0.0,
2019-10-31 21:13:48.918,22.352941513061523,959.5,0.0,3.7100000381469727,18.431371688842773,2.3529412746429443,0.0,
2019-10-31 21:13:50.622,14.509803771972656,808.75,0.0,2.7100000381469727,16.078432083129883,1.1764706373214722,0.0,
2019-10-31 21:13:51.346,14.509803771972656,808.75,0.0,2.7100000381469727,17.647058486938477,1.5686274766921997,0.0,
2019-10-31 21:13:55.443,18.431371688842773,758.25,0.0,2.869999885559082,16.47058868408203,1.5686274766921997,0.0,
2019-10-31 21:13:57.870,15.686274528503418,718.0,0.0,2.5799999237060547,16.078432083129883,1.1764706373214722,0.0,
2019-10-31 21:13:58.594,15.686274528503418,718.0,0.0,2.5799999237060547,16.86274528503418,1.1764706373214722,0.0,
2019-10-31 21:14:00.970,16.47058868408203,705.75,0.0,3.119999885559082,16.078432083129883,1.1764706373214722,0.0,
2019-10-31 21:14:02.697,15.686274528503418,701.25,0.0,2.440000057220459,16.86274528503418,1.1764706373214722,0.0,
2019-10-31 21:14:05.845,16.47058868408203,708.75,0.0,3.200000047683716,16.47058868408203,1.1764706373214722,0.0,
2019-10-31 21:14:07.545,14.901960372924805,710.0,0.0,2.75,16.078432083129883,1.1764706373214722,0.0,
2019-10-31 21:14:09.943,18.823530197143555,713.25,0.0,4.349999904632568,16.47058868408203,1.1764706373214722,0.0,
2019-10-31 21:14:10.670,18.823530197143555,713.25,0.0,4.349999904632568,22.352941513061523,2.3529412746429443,0.0,
2019-10-31 21:14:14.769,18.823530197143555,890.25,0.0,2.950000047683716,18.431371688842773,1.9607843160629272,0.0,
2019-10-31 21:14:15.470,18.823530197143555,890.25,0.0,2.950000047683716,14.117647171020508,1.1764706373214722,0.0,
2019-10-31 21:14:17.168,17.254901885986328,668.5,0.0,2.9100000858306885,17.254901885986328,1.1764706373214722,0.0,
2019-10-31 21:14:17.919,17.254901885986328,668.5,0.0,2.9100000858306885,16.47058868408203,1.5686274766921997,0.0,
2019-10-31 21:14:20.344,14.901960372924805,717.5,0.0,2.6500000953674316,17.254901885986328,1.5686274766921997,0.0,
2019-10-31 21:14:22.744,16.47058868408203,714.75,0.0,2.990000009536743,16.078432083129883,1.5686274766921997,0.0,
2019-10-31 21:14:24.444,15.29411792755127,717.5,0.0,2.680000066757202,16.47058868408203,1.5686274766921997,0.0,
2019-10-31 21:14:25.170,15.29411792755127,717.5,0.0,2.680000066757202,16.078432083129883,1.5686274766921997,0.0,
2019-10-31 21:14:27.570,15.686274528503418,729.0,0.0,2.75,16.47058868408203,1.5686274766921997,0.0,
2019-10-31 21:14:29.271,17.647058486938477,735.5,0.0,3.1600000858306885,16.078432083129883,1.5686274766921997,0.0,
2019-10-31 21:14:29.994,17.647058486938477,735.5,0.0,3.1600000858306885,16.47058868408203,1.5686274766921997,0.0,
2019-10-31 21:14:31.668,19.215686798095703,738.5,0.0,2.509999990463257,16.078432083129883,1.5686274766921997,0.0,
2019-10-31 21:14:32.398,19.215686798095703,738.5,0.0,2.509999990463257,16.86274528503418,1.5686274766921997,0.0,
2019-10-31 21:14:34.095,19.215686798095703,736.25,0.0,2.8299999237060547,16.078432083129883,1.5686274766921997,0.0,
2019-10-31 21:14:36.519,22.352941513061523,927.0,0.0,4.019999980926514,16.47058868408203,1.5686274766921997,0.0,
2019-10-31 21:14:37.245,22.352941513061523,927.0,0.0,4.019999980926514,17.254901885986328,1.9607843160629272,0.0,
2019-10-31 21:14:38.920,20.0,790.25,0.0,3.380000114440918,16.86274528503418,1.9607843160629272,0.0,
2019-10-31 21:14:41.344,16.86274528503418,762.75,0.0,3.3399999141693115,18.823530197143555,1.1764706373214722,0.0,
2019-10-31 21:14:42.070,16.86274528503418,762.75,0.0,3.3399999141693115,18.039215087890625,1.1764706373214722,0.0,
2019-10-31 21:14:43.746,16.078432083129883,691.25,0.0,3.200000047683716,16.47058868408203,1.1764706373214722,0.0,
2019-10-31 21:14:44.470,16.078432083129883,691.25,0.0,3.200000047683716,16.86274528503418,1.1764706373214722,0.0,
2019-10-31 21:14:46.896,16.47058868408203,712.5,0.0,2.7899999618530273,16.47058868408203,1.1764706373214722,0.0,
2019-10-31 21:14:49.321,19.60784339904785,710.5,0.0,2.5799999237060547,16.86274528503418,1.1764706373214722,0.0,
2019-10-31 21:14:51.720,20.0,705.75,0.0,3.200000047683716,16.47058868408203,1.1764706373214722,0.0,
2019-10-31 21:14:55.820,17.647058486938477,718.75,0.0,2.549999952316284,16.86274528503418,1.1764706373214722,0.0,
